model,task,dataset,category,metric,value,ci_low,ci_high,n
oracle,mcq,synthetic_mcq,all,accuracy,1.0,1.0,1.0,260
oracle,mcq,synthetic_mcq,all,accuracy_parsed,1.0,1.0,1.0,260
oracle,mcq,synthetic_mcq,all,unparsed_rate,0.0,,,260
oracle,mcq,synthetic_mcq,all,mean_latency_s,,,,0
oracle,mcq,synthetic_mcq,all,pick_rate_A,0.3153846153846154,,,260
oracle,mcq,synthetic_mcq,all,pick_rate_B,0.27307692307692305,,,260
oracle,mcq,synthetic_mcq,all,pick_rate_C,0.28846153846153844,,,260
oracle,mcq,synthetic_mcq,all,pick_rate_D,0.12307692307692308,,,260
oracle,mcq,synthetic_mcq,all,pick_rate_unparsed,0.0,,,260
oracle,mcq,synthetic_mcq,all,consistency,1.0,1.0,1.0,260
oracle,mcq,synthetic_mcq,all,variant_accuracy,1.0,1.0,1.0,779
oracle,mcq,synthetic_mcq,all,canonical_accuracy,1.0,1.0,1.0,260
oracle,mcq,synthetic_mcq,all,order_sensitivity,0.0,,,260
oracle,mcq,synthetic_mcq,all,n_variants,3.0,,,260
oracle,mcq,synthetic_mcq,color,accuracy,1.0,1.0,1.0,54
oracle,mcq,synthetic_mcq,color,accuracy_parsed,1.0,1.0,1.0,54
oracle,mcq,synthetic_mcq,color,unparsed_rate,0.0,,,54
oracle,mcq,synthetic_mcq,color,mean_latency_s,,,,0
oracle,mcq,synthetic_mcq,color,pick_rate_A,0.2037037037037037,,,54
oracle,mcq,synthetic_mcq,color,pick_rate_B,0.24074074074074073,,,54
oracle,mcq,synthetic_mcq,color,pick_rate_C,0.3148148148148148,,,54
oracle,mcq,synthetic_mcq,color,pick_rate_D,0.24074074074074073,,,54
oracle,mcq,synthetic_mcq,color,pick_rate_unparsed,0.0,,,54
oracle,mcq,synthetic_mcq,color,consistency,1.0,1.0,1.0,54
oracle,mcq,synthetic_mcq,color,variant_accuracy,1.0,1.0,1.0,162
oracle,mcq,synthetic_mcq,color,canonical_accuracy,1.0,1.0,1.0,54
oracle,mcq,synthetic_mcq,color,order_sensitivity,0.0,,,54
oracle,mcq,synthetic_mcq,color,n_variants,3.0,,,54
oracle,mcq,synthetic_mcq,shape,accuracy,1.0,1.0,1.0,121
oracle,mcq,synthetic_mcq,shape,accuracy_parsed,1.0,1.0,1.0,121
oracle,mcq,synthetic_mcq,shape,unparsed_rate,0.0,,,121
oracle,mcq,synthetic_mcq,shape,mean_latency_s,,,,0
oracle,mcq,synthetic_mcq,shape,pick_rate_A,0.34710743801652894,,,121
oracle,mcq,synthetic_mcq,shape,pick_rate_B,0.2727272727272727,,,121
oracle,mcq,synthetic_mcq,shape,pick_rate_C,0.256198347107438,,,121
oracle,mcq,synthetic_mcq,shape,pick_rate_D,0.12396694214876033,,,121
oracle,mcq,synthetic_mcq,shape,pick_rate_unparsed,0.0,,,121
oracle,mcq,synthetic_mcq,shape,consistency,1.0,1.0,1.0,121
oracle,mcq,synthetic_mcq,shape,variant_accuracy,1.0,1.0,1.0,362
oracle,mcq,synthetic_mcq,shape,canonical_accuracy,1.0,1.0,1.0,121
oracle,mcq,synthetic_mcq,shape,order_sensitivity,0.0,,,121
oracle,mcq,synthetic_mcq,shape,n_variants,3.0,,,121
oracle,mcq,synthetic_mcq,size,accuracy,1.0,1.0,1.0,51
oracle,mcq,synthetic_mcq,size,accuracy_parsed,1.0,1.0,1.0,51
oracle,mcq,synthetic_mcq,size,unparsed_rate,0.0,,,51
oracle,mcq,synthetic_mcq,size,mean_latency_s,,,,0
oracle,mcq,synthetic_mcq,size,pick_rate_A,0.3137254901960784,,,51
oracle,mcq,synthetic_mcq,size,pick_rate_B,0.29411764705882354,,,51
oracle,mcq,synthetic_mcq,size,pick_rate_C,0.39215686274509803,,,51
oracle,mcq,synthetic_mcq,size,pick_rate_unparsed,0.0,,,51
oracle,mcq,synthetic_mcq,size,consistency,1.0,1.0,1.0,51
oracle,mcq,synthetic_mcq,size,variant_accuracy,1.0,1.0,1.0,153
oracle,mcq,synthetic_mcq,size,canonical_accuracy,1.0,1.0,1.0,51
oracle,mcq,synthetic_mcq,size,order_sensitivity,0.0,,,51
oracle,mcq,synthetic_mcq,size,n_variants,3.0,,,51
oracle,mcq,synthetic_mcq,count,accuracy,1.0,1.0,1.0,34
oracle,mcq,synthetic_mcq,count,accuracy_parsed,1.0,1.0,1.0,34
oracle,mcq,synthetic_mcq,count,unparsed_rate,0.0,,,34
oracle,mcq,synthetic_mcq,count,mean_latency_s,,,,0
oracle,mcq,synthetic_mcq,count,pick_rate_A,0.38235294117647056,,,34
oracle,mcq,synthetic_mcq,count,pick_rate_B,0.29411764705882354,,,34
oracle,mcq,synthetic_mcq,count,pick_rate_C,0.20588235294117646,,,34
oracle,mcq,synthetic_mcq,count,pick_rate_D,0.11764705882352941,,,34
oracle,mcq,synthetic_mcq,count,pick_rate_unparsed,0.0,,,34
oracle,mcq,synthetic_mcq,count,consistency,1.0,1.0,1.0,34
oracle,mcq,synthetic_mcq,count,variant_accuracy,1.0,1.0,1.0,102
oracle,mcq,synthetic_mcq,count,canonical_accuracy,1.0,1.0,1.0,34
oracle,mcq,synthetic_mcq,count,order_sensitivity,0.0,,,34
oracle,mcq,synthetic_mcq,count,n_variants,3.0,,,34
